{
  "project_info": {
    "project_number": "513534343757",
    "firebase_url": "https://medicalcheck.firebaseio.com",
    "project_id": "medicalcheck",
    "storage_bucket": "medicalcheck.appspot.com"
  },
  "client": [
    {
      "client_info": {
        "mobilesdk_app_id": "1:513534343757:android:f4c92e63baf0261d35ba04",
        "android_client_info": {
          "package_name": "com.example.medicalcheck"
        }
      },
      "oauth_client": [
        {
          "client_id": "513534343757-eiglq3ajr0dh6tvbme2bmkb9biauk2gs.apps.googleusercontent.com",
          "client_type": 1,
          "android_info": {
            "package_name": "com.example.medicalcheck",
            "certificate_hash": "a29bd636142c6f8e9b6f06464cb1b9a26868575f"
          }
        },
        {
          "client_id": "513534343757-af1tn3r7hhiuho8gcioegv31oga0ptcs.apps.googleusercontent.com",
          "client_type": 3
        }
      ],
      "api_key": [
        {
          "current_key": "AIzaSyBxRYNTPzGb7RnPft3Y-FebjPUkMQ1padQ"
        }
      ],
      "services": {
        "appinvite_service": {
          "other_platform_oauth_client": [
            {
              "client_id": "513534343757-af1tn3r7hhiuho8gcioegv31oga0ptcs.apps.googleusercontent.com",
              "client_type": 3
            }
          ]
        }
      }
    }
  ],
  "configuration_version": "1"
}